{"GyroX": {"mean": -0.23872378232587668, "std": 34.240395965133665}, 
"GyroY": {"mean": 0.8320571156592098, "std": 65.93841729142476}, 
"GyroZ": {"mean": -0.5121009043312709, "std": 89.7582330431887}, 
"AccelX": {"mean": 0.137326352530541, "std": 0.4558962336406113}, 
"AccelY": {"mean": -0.03341202601935586, "std": 0.2584936301107575},
"AccelZ": {"mean": -0.7809839758844994, "std": 0.14835637619916256}, 
"AngleX": {"mean": 2.2515338727590035, "std": 18.733439731738212}, 
"AngleY": {"mean": 8.873036966523879, "std": 27.279825973098678}, 
"AngleZ": {"mean": -135.79842646358878, "std": 112.36987882783177}, 
"PanPosition": {"mean": 183.87896747580515, "std": 30.241703057752485}, 
"PanDistToGoal": {"mean": 0.08101983182611482, "std": 25.35605925571492}, 
"PanDistToStart": {"mean": -1.0156842773282562, "std": 36.46639425926466}, 
"PanCurrent": {"mean": 6.776506425511662, "std": 200.42921437622795},
"TiltDistToGoal": {
    "mean": -0.08590068221481834,
    "std": 32.19973432210359
},
"TiltPosition": {
    "mean": 180.0146330318896,
    "std": 30.848610893124285
},
"TiltDistToStart": {
    "mean": -0.20725241948278603,
    "std": 34.69183830220123
},
"TiltCurrent": {
    "mean": -32.33340314136125,
    "std": 310.74509784896054
}}