{
    "GyroX": [
        -0.18705387755451464,
        9.963458397143745
    ],
    "GyroY": [
        1.1218160078873738,
        19.473252649412135
    ],
    "GyroZ": [
        -0.1009060920260193,
        16.342879858850033
    ],
    "AccelX": [
        -0.03202196707791921,
        0.6464945538380084
    ],
    "AccelY": [
        -0.027096681681403167,
        0.313221973503263
    ],
    "AccelZ": [
        -0.6104376151252662,
        0.2125489374005791
    ],
    "TiltPos": [
        191.7703095166415,
        48.82559086368651
    ],
    "TiltCurrent": [
        29.962054655162824,
        458.82238836201816
    ],
    "PanPos": [
        191.69994381244936,
        26.778021782445393
    ],
    "PanCurrent": [
        -14.715057550148602,
        51.116866058517964
    ]
}