{
    "GyroX": {
        "mean": -0.014575174431690301,
        "std": 7.872066079401642
    },
    "GyroY": {
        "mean": -1.0460949808687825,
        "std": 15.389106011050734
    },
    "GyroZ": {
        "mean": 3.669689258383975,
        "std": 36.093099790479144
    },
    "AccelX": {
        "mean": 0.09056521494485709,
        "std": 0.5225432795740474
    },
    "AccelY": {
        "mean": -0.058098413234301156,
        "std": 0.2690574431449379
    },
    "AccelZ": {
        "mean": -0.7295239702903444,
        "std": 0.20392063202856892
    },
    "TiltPosition": {
        "mean": 185.6562899504839,
        "std": 41.33577001736055
    },
    "TiltCurrent": {
        "mean": 21.005010128291694,
        "std": 212.6126837504578
    },
    "TiltDistToGoal": {
        "mean": 37.75009256133244,
        "std": 31.044841342908676
    },
    "PanPosition": {
        "mean": 191.61462243979292,
        "std": 24.83622007887468
    },
    "PanCurrent": {
        "mean": -20.787353139770428,
        "std": 68.35706380501023
    },
    "PanDistToGoal": {
        "mean": 24.325487002025657,
        "std": 21.251327595547277
    }
}