{
    "GyroX": {
        "mean": 0.9587575095263704,
        "std": 25.51223896031268
    },
    "GyroY": {
        "mean": 5.9037701541383925,
        "std": 48.91558315011549
    },
    "GyroZ": {
        "mean": -0.28602043735481586,
        "std": 15.516116081712404
    },
    "AccelX": {
        "mean": 0.11958392932748975,
        "std": 0.44616780483450114
    },
    "AccelY": {
        "mean": -0.028016226298504383,
        "std": 0.2382547354340191
    },
    "AccelZ": {
        "mean": -0.7877795832427421,
        "std": 0.16174129954453273
    },
    "TiltPosition": {
        "mean": 181.5395291169369,
        "std": 31.43949024045853
    },
    "TiltCurrent": {
        "mean": -36.322788451635795,
        "std": 313.11863710790686
    },
    "TiltDistToGoal": {
        "mean": 32.79714552174759,
        "std": 25.969478947404383
    },
    "PanPosition": {
        "mean": 190.80409616770993,
        "std": 27.630662666145852
    },
    "PanCurrent": {
        "mean": -13.652006545446223,
        "std": 48.12920168089812
    },
    "PanDistToGoal": {
        "mean": 6.366143336117818,
        "std": 15.375353066241223
    }
}