{
    "GyroX": {
        "mean": -0.18705387755451464,
        "std": 9.963458397143745
    },
    "GyroY": {
        "mean": 1.1218160078873738,
        "std": 19.473252649412135
    },
    "GyroZ": {
        "mean": -0.1009060920260193,
        "std": 16.342879858850033
    },
    "AccelX": {
        "mean": -0.03202196707791921,
        "std": 0.6464945538380084
    },
    "AccelY": {
        "mean": -0.027096681681403167,
        "std": 0.313221973503263
    },
    "AccelZ": {
        "mean": -0.6104376151252662,
        "std": 0.2125489374005791
    },
    "TiltPosition": {
        "mean": 191.7703095166415,
        "std": 48.82559086368651
    },
    "TiltCurrent": {
        "mean": 29.962054655162824,
        "std": 458.82238836201816
    },
    "TiltDistToGoal": {
        "mean": 49.022666039102305,
        "std": 32.980818173611745
    },
    "PanPosition": {
        "mean": 191.69994381244936,
        "std": 26.778021782445393
    },
    "PanCurrent": {
        "mean": -14.715057550148602,
        "std": 51.116866058517964
    },
    "PanDistToGoal": {
        "mean": 5.078827716441853,
        "std": 13.50303055249852
    }
}